x,y,cluster_id
308.226,214.218,0
309.911,218.128,0
318.517,206.505,0
318.593,217.947,0
318.781,284.069,0
320.467,201.513,0
320.517,212.596,0
321.368,272.095,0
322.321,284.123,0
322.466,270.125,0
324.519,203.765,0
324.686,184.922,0
325.765,189.418,0
325.975,176.518,0
326.589,200.29,0
327.508,204.33,0
327.985,180.553,0
328.157,183.377,0
328.464,192.496,0
329.111,178.711,0
330.307,187.571,0
331.827,197.622,0
337.308,192.884,0
270.18,162.686,1
274.017,168.348,1
275.771,170.781,1
278.996,161.903,1
280.035,159.796,1
280.393,169.288,1
283.29,171.61,1
283.867,175.797,1
284.139,156.744,1
285.057,177.706,1
286.244,182.265,1
286.747,177.43,1
286.96,163.109,1
288.02,181.703,1
288.343,159.396,1
288.678,175.478,1
289.241,167.981,1
290.943,176.968,1
291.753,164.505,1
296.317,181.354,1
297.907,168.428,1
302.175,163.204,1
61.0877,259.648,2
63.3255,253.074,2
63.7281,249.985,2
64.6104,254.34,2
67.2361,257.941,2
67.6223,256.141,2
67.8755,251.366,2
68.0656,254.286,2
70.6028,241.921,2
70.8028,251.825,2
70.8627,233.461,2
70.9804,249.336,2
71.4945,232.615,2
71.5274,274.244,2
71.5559,273.045,2
72.0082,273.426,2
72.1627,254.21,2
73.5833,233.682,2
73.8811,251.402,2
74.1113,261.671,2
74.1961,284.777,2
75.5239,274.93,2
75.7119,256.043,2
75.787,276.905,2
76.0779,259.107,2
55.4298,243.146,3
58.6852,235.794,3
61.2104,238.897,3
63.5043,245.96,3
64.0179,228.31,3
64.5808,245.568,3
65.0182,238.344,3
65.5101,242.867,3
65.812,236.873,3
66.2492,241.773,3
67.0635,236.535,3
67.8946,229.435,3
69.3244,236.394,3
70.1104,240.034,3
70.2441,244.822,3
402.443,197.634,4
402.726,179.959,4
402.748,185.025,4
405.976,183.108,4
406.626,184.045,4
407.418,187.233,4
408.5,186.83,4
410.026,187.034,4
411.504,174.146,4
411.856,200.189,4
412.159,180.511,4
412.849,189.627,4
414.254,186.056,4
416.845,197.32,4
417.296,181.058,4
417.318,201.123,4
417.684,175.408,4
418.383,196.53,4
418.492,205.662,4
420.036,193.364,4
420.859,199.386,4
422.191,194.534,4
422.587,185.631,4
424.322,193.504,4
425.745,200.469,4
426.276,195.292,4
426.287,194.853,4
427.145,179.52,4
428.403,196.026,4
429.096,199.789,4
429.927,182.108,4
430.54,194.8,4
430.878,192.071,4
432.922,183.786,4
435.209,193.587,4
435.299,195.537,4
436.079,193.274,4
437.104,187.31,4
440.973,191.462,4
153.284,148.717,5
157.424,145.323,5
158.544,152.637,5
163.393,142.587,5
164.206,161.869,5
164.222,151.986,5
165.636,151.03,5
166.403,139.476,5
166.846,138.668,5
167.218,149.067,5
167.39,159.061,5
167.701,161.197,5
168.305,159.578,5
169.042,161.243,5
172.365,165.252,5
172.813,169.548,5
172.825,151.223,5
174.592,153.276,5
175.225,153.635,5
175.646,161.094,5
176.32,163.59,5
176.832,160.785,5
178.646,166.979,5
182.406,167.133,5
192.094,169.77,5
142.377,18.4497,6
142.846,22.0972,6
143.567,21.6013,6
145.451,19.1161,6
145.559,17.3619,6
146.208,16.3086,6
147.257,26.0229,6
147.517,22.58,6
148.284,30.929,6
148.312,29.2989,6
148.475,17.9833,6
148.681,18.1124,6
149.185,21.2693,6
149.738,19.9599,6
150.739,22.7849,6
151.771,25.2261,6
153.757,30.4907,6
154.009,30.279,6
359.934,81.3149,7
361.371,71.1992,7
365.52,65.3938,7
366.784,69.2996,7
367.215,71.9848,7
367.486,64.2173,7
367.873,92.3448,7
368.542,69.9146,7
371.215,82.5121,7
373.52,73.9579,7
374.378,81.1645,7
375.122,78.0337,7
368.828,11.5869,8
372.224,6.85902,8
375.608,11.6287,8
376.19,0.228559,8
377.61,9.55041,8
37.1279,297.222,9
37.2505,282.178,9
39.273,289.423,9
39.6191,287.426,9
41.2066,285.85,9
41.2239,297.019,9
41.509,292.841,9
42.6515,290.973,9
43.4489,282.338,9
45.071,282.169,9
45.1966,282.994,9
45.8019,298.252,9
45.8858,286.387,9
46.412,285.632,9
48.8865,285.744,9
49.2011,290.048,9
129.36,266.194,10
129.407,267.947,10
137.959,272.182,10
144.551,269.284,10
149.522,269.384,10
150.126,271.945,10
150.678,269.734,10
160.433,266.807,10
165.163,279.019,10
175.176,279.208,10
175.741,266.173,10
175.89,262.374,10
176.733,275.332,10
178.759,282.374,10
179.697,282.458,10
180.618,274.775,10
182.83,266.18,10
183.91,278.641,10
184.617,266.936,10
184.636,271.232,10
187.523,273.698,10
187.752,274.899,10
190.449,274.897,10
192.67,274.777,10
167.272,215.57,11
167.505,210.928,11
171.412,214.033,11
174.208,219.715,11
175.664,218.168,11
176.108,215.891,11
176.46,204.486,11
177.739,213.243,11
178.296,207.926,11
179.656,211.606,11
179.929,209.943,11
127.461,175.239,12
130.664,173.251,12
133.906,178.582,12
134.278,178.97,12
135.618,177.045,12
135.897,173.159,12
135.903,175.662,12
140.042,178.956,12
140.063,180.983,12
143.197,169.912,12
143.263,172.67,12
145.049,173.428,12
147.222,173.673,12
151.306,173.585,12
152.432,174.564,12
155.378,173.056,12
155.578,174.053,12
164.043,170.406,12
74.0133,170.887,12
394.287,221.617,13
396.083,233.008,13
396.787,199.432,13
400.437,232.069,13
401.308,220.994,13
402.144,209.554,13
405.229,230.146,13
405.859,232.099,13
405.874,219.062,13
409.724,210.768,13
410.276,210.034,13
411.721,212.162,13
412.152,222.758,13
419.149,214.757,13
47.5006,277.004,14
47.9991,272.218,14
48.7599,275.952,14
49.589,274.466,14
50.4209,279.328,14
50.4431,269.599,14
51.2387,283.165,14
51.4248,284.9,14
51.8896,275.529,14
52.9509,276.19,14
53.1981,277.184,14
54.7083,282.818,14
55.5294,281.047,14
403.947,46.6451,15
407.512,50.0345,15
409.643,43.8173,15
410.171,49.0921,15
410.582,47.2605,15
411.735,46.4728,15
412.21,48.1025,15
413.443,53.9423,15
203.293,55.0547,16
215.039,47.9504,16
215.806,49.5552,16
216.72,57.5275,16
219.224,48.8197,16
220.385,39.0178,16
221.621,44.8795,16
221.843,59.5674,16
222.499,55.1584,16
230.867,45.7224,16
230.874,40.3292,16
234.842,43.0641,16
234.969,42.2141,16
236.158,49.5483,16
237.673,42.616,16
239.384,60.5946,16
239.618,42.759,16
240.348,57.0196,16
240.702,56.3685,16
242.357,62.4058,16
251.106,53.8366,16
11.9373,88.6851,17
13.2741,92.9471,17
15.5295,90.6121,17
18.2611,113.363,17
21.6889,92.7344,17
21.9264,107.888,17
22.9575,93.9852,17
24.5874,151.213,17
25.0743,146.545,17
27.7068,93.3689,17
28.3963,105.472,17
30.3168,159.906,17
30.5523,94.6405,17
31.3197,87.9904,17
32.3751,86.6877,17
32.52,144.632,17
33.1377,158.792,17
33.3332,104.548,17
33.9798,65.1522,17
34.751,144.785,17
34.7752,144.875,17
35.9909,136.769,17
36.2388,74.5994,17
37.4733,72.4304,17
38.8124,82.775,17
39.1105,146.958,17
40.0963,132.102,17
40.6957,151.137,17
41.1023,80.3255,17
41.1565,46.9287,17
45.1083,45.3699,17
45.8542,34.3454,17
46.603,23.5575,17
47.3949,72.0771,17
48.3515,37.0077,17
48.8139,28.8092,17
49.4469,81.3179,17
49.5823,32.2347,17
49.7192,54.5317,17
54.3277,48.5577,17
54.8981,27.6318,17
58.976,54.4285,17
66.1383,57.2102,17
67.7778,30.5583,17
68.9388,33.5451,17
71.0506,39.4246,17
74.5443,43.0519,17
74.672,23.5655,17
75.395,29.6118,17
41.392,152.026,18
41.3957,169.422,18
41.9967,159.905,18
42.2117,141.877,18
42.2478,157.729,18
42.3257,133.434,18
45.3672,146.446,18
46.5066,161.939,18
47.0925,163.664,18
47.5537,154.208,18
48.12,161.89,18
48.7304,158.375,18
49.329,148.363,18
50.379,157.807,18
51.4012,155.991,18
51.7794,154.239,18
54.3168,151.919,18
326.181,12.6659,19
327.202,19.5166,19
328.406,11.8199,19
329.057,21.1489,19
329.962,10.7318,19
331.657,12.4967,19
333.033,24.6025,19
338.301,3.21,19
340.126,5.37662,19
341.722,9.8217,19
341.741,0.710648,19
344.018,6.8514,19
344.241,4.92709,19
344.28,10.5604,19
345.47,15.2311,19
345.614,4.14614,19
346.307,13.4762,19
346.909,1.74622,19
347.429,11.4402,19
349.393,8.35489,19
350.395,1.87655,19
352.131,9.18197,19
368.083,11.4167,19
443.033,115.579,20
446.08,123.502,20
446.668,109.213,20
447.456,119.96,20
449.033,104.805,20
450.154,111.625,20
450.789,118.703,20
450.86,106.297,20
451.881,127.667,20
452.025,129.008,20
452.965,127.41,20
454.985,126.388,20
455.055,115.372,20
455.101,112.581,20
455.205,101.438,20
455.876,119.555,20
455.975,127.598,20
456.1,126.317,20
457.87,107.072,20
459.999,117.612,20
460.021,112.824,20
462.675,115.259,20
463.097,118.682,20
463.257,130.429,20
468.357,128.296,20
472.339,127.32,20
472.968,120.5,20
474.596,123.844,20
476.091,123.736,20
310.116,13.1009,21
316.026,14.448,21
323.041,11.9138,21
208.407,8.82173,22
211.965,9.31325,22
216.684,1.30191,22
216.923,14.2235,22
218.634,15.1104,22
222.454,8.67145,22
222.672,11.9327,22
223.695,4.06013,22
224.764,2.53334,22
229.502,10.2609,22
233.829,18.6673,22
235.159,16.6202,22
236.483,18.5939,22
236.918,12.4616,22
237.747,9.12436,22
239.064,7.61924,22
239.445,4.87732,22
239.682,17.2854,22
241.856,7.40436,22
244.071,14.9382,22
246.86,9.60187,22
247.318,6.91436,22
247.898,7.37009,22
258.051,1.87009,22
442.852,5.22532,23
446.699,7.63818,23
452.576,5.76779,23
458.858,6.45246,23
459.633,0.531264,23
459.804,3.19992,23
464.93,1.07084,23
466.734,0.610334,23
467.403,4.13142,23
468.132,2.48284,23
491.429,23.7952,24
493.267,37.5222,24
493.95,38.8415,24
495.808,19.3348,24
497.409,37.8953,24
499.487,17.5047,24
500.086,20.3655,24
500.728,9.36516,24
501.132,50.6257,24
501.54,53.2865,24
502.172,14.8612,24
502.187,29.5939,24
502.236,16.6289,24
502.39,21.0251,24
503.136,30.2658,24
202.52,100.305,25
202.952,91.7842,25
203.421,99.9182,25
204.607,97.7693,25
205.552,90.4472,25
206.009,95.7002,25
207.3,99.2121,25
209.396,100.198,25
210.096,98.0479,25
210.187,102.096,25
210.189,103.868,25
210.306,85.9008,25
210.802,84.4644,25
211.673,103.584,25
211.905,105.285,25
212.074,102.689,25
212.123,104.2,25
213.353,90.6464,25
213.756,91.3773,25
215.506,98.3707,25
215.926,99.8303,25
216.257,97.0201,25
216.515,93.316,25
218.292,93.9764,25
218.398,97.7414,25
218.557,90.5026,25
221.923,89.6966,25
222.835,84.1162,25
223.608,95.3724,25
225.791,95.2677,25
227.862,88.9653,25
229.132,94.4606,25
231.073,94.6165,25
326.389,3.81738,26
327.625,9.71582,26
328.242,9.2128,26
329.867,5.72564,26
330.688,3.79008,26
330.742,4.18702,26
159.797,174.984,27
162.267,178.059,27
163.27,176.096,27
166.104,181.006,27
167.941,178.767,27
168.052,179.187,27
168.311,184.497,27
170.822,192.157,27
171.468,194.819,27
172.008,176.415,27
173.02,175.527,27
173.689,178.029,27
188.16,271.635,28
191.8,266.472,28
193.505,271.972,28
201.557,263.328,28
202.808,263.552,28
208.473,266.986,28
214.308,262.959,28
216.182,264.183,28
387.431,45.6773,29
387.802,46.3271,29
392.222,49.5097,29
394.027,46.9322,29
394.092,47.8472,29
394.3,49.2076,29
394.355,49.9038,29
394.542,42.2138,29
396.668,50.0031,29
400.013,47.5548,29
401.086,48.7594,29
361.705,39.7079,30
362.678,47.2005,30
363.573,39.2224,30
364.134,41.9364,30
364.19,37.418,30
364.657,37.1999,30
365.362,58.6057,30
365.439,57.5014,30
365.747,48.203,30
366.142,32.9368,30
366.479,52.496,30
367.638,35.8826,30
368.038,48.1054,30
324.052,83.4219,31
325.937,83.4438,31
326.676,80.699,31
327.685,79.8875,31
329.597,80.0546,31
329.835,73.7241,31
330.219,78.671,31
330.63,81.3042,31
331.778,84.3294,31
333.687,82.3971,31
335.65,78.6594,31
337.052,73.6753,31
337.12,78.4757,31
337.412,75.0549,31
337.661,82.7038,31
338.332,85.6729,31
339.566,72.662,31
339.673,86.5537,31
341.128,73.1248,31
341.151,71.9751,31
341.751,71.3611,31
343.685,88.0147,31
354.558,2.84784,32
359.765,8.27992,32
361.672,0.689412,32
362.408,5.14756,32
364.398,4.26276,32
364.822,7.4726,32
365.175,1.01684,32
365.902,0.616733,32
367.637,5.06084,32
368.109,5.054,32
468.014,291.785,33
468.286,286.944,33
472.526,281.415,33
475.361,292.617,33
477.006,286.303,33
477.536,271.826,33
478.483,270.666,33
478.748,279.299,33
479.507,293.74,33
480.406,284.339,33
480.7,280.594,33
481.047,287.704,33
481.259,270.914,33
481.395,270.75,33
482.223,289.066,33
485.666,285.382,33
489.019,283.216,33
489.503,287.036,33
489.737,277.521,33
489.817,276.033,33
489.949,275.342,33
490.011,279.044,33
490.695,278.016,33
491.117,277.833,33
491.416,274.242,33
491.447,290.093,33
491.605,270.346,33
491.722,285.362,33
491.836,285.92,33
492.744,279.087,33
493.089,278.706,33
188.23,194.949,34
188.928,200.561,34
190.383,197.101,34
191.462,195.806,34
192.376,195.538,34
193.362,194.827,34
193.793,202.562,34
195.693,208.232,34
195.922,196.154,34
196.202,204.461,34
196.285,178.01,34
196.5,193.309,34
196.996,204.589,34
197.629,217.432,34
198.584,208.792,34
199.048,188.501,34
200.06,210.314,34
200.85,204.997,34
201.808,202.672,34
302.194,192.711,35
303.464,190.546,35
306.554,195.856,35
313.089,173.696,35
313.093,191.925,35
313.97,186.987,35
314.5,187.884,35
314.606,188.995,35
314.85,188.23,35
318.906,183.547,35
319.653,196.988,35
321.688,186.705,35
321.785,188.448,35
321.869,192.551,35
322.263,192.956,35
322.659,189.784,35
323.386,196.773,35
101.974,145.654,36
103.528,108.135,36
104.556,131.192,36
106.512,116.426,36
176.375,176.581,37
178.508,186.313,37
180.349,187.011,37
181.06,183.653,37
183.451,188.02,37
183.726,182.665,37
185.283,186.247,37
185.995,183.879,37
186.052,182.043,37
189.436,173.713,37
190.791,171.572,37
3.45399,190.763,38
4.31677,194.614,38
4.47542,194.155,38
5.52664,205.213,38
5.92311,203.588,38
6.71335,191.378,38
7.40448,190.83,38
138.714,40.5357,39
138.775,40.0439,39
140.898,46.5544,39
141.714,45.9416,39
142.342,45.6973,39
142.685,43.4272,39
145.171,47.1474,39
145.188,47.6797,39
146.047,37.5761,39
146.607,35.0895,39
147.439,41.8108,39
147.447,38.5719,39
147.469,32.7271,39
147.512,36.87,39
148.602,46.9277,39
148.672,40.631,39
151.319,36.2565,39
152.29,45.0542,39
152.345,37.5264,39
273.147,201.634,40
275.031,192.986,40
276.899,196.887,40
277.952,201.202,40
278.716,208.004,40
279.02,195.114,40
279.211,205.088,40
280.546,191.914,40
281.964,199.563,40
283.133,197.571,40
101.149,17.0744,41
106.143,18.3251,41
108.052,14.7029,41
26.4705,264.719,42
27.0159,273.326,42
27.9535,275.111,42
28.5346,273,42
28.645,265.627,42
31.535,266.713,42
32.8557,264.559,42
34.1168,278.26,42
36.0647,276.659,42
36.1133,264.944,42
38.0912,264.813,42
39.0086,270.161,42
39.2698,262.813,42
39.9116,275.317,42
42.7686,267.609,42
464.26,90.6956,43
466.549,109.151,43
466.915,108.841,43
467.742,96.2873,43
468.232,105.108,43
469.642,105.377,43
469.931,107.835,43
470.053,93.0287,43
470.233,94.9054,43
470.54,110.5,43
470.643,102.023,43
474.427,88.4097,43
478.02,87.7277,43
478.526,114.769,43
479.826,99.5629,43
482.117,112.794,43
484.018,91.6615,43
484.182,117.806,43
485.53,108.527,43
486.783,84.8929,43
488.653,114.136,43
489.128,103.81,43
489.355,108.269,43
490.005,113.137,43
490.638,117.497,43
491.874,108.893,43
0.37184,208.935,44
1.04523,215.324,44
1.12452,216.371,44
4.57668,207.184,44
4.77222,212.723,44
5.03646,218.484,44
174.237,144.704,45
174.692,148.319,45
175.213,147.332,45
175.792,137.423,45
176.227,145.941,45
178.007,138.511,45
179.777,146.971,45
180.488,133.734,45
182.274,135.587,45
183.121,154.362,45
184.219,144.246,45
184.83,157.415,45
186.452,147.991,45
188.994,146.978,45
192.51,139.846,45
150.16,286.531,46
150.636,276.923,46
150.666,292.706,46
151.077,281.066,46
151.869,279.292,46
153.514,278.717,46
154.224,273.571,46
154.46,293.079,46
157.256,294.22,46
157.448,283.131,46
159.629,287.335,46
162.257,288.025,46
164.026,288.62,46
164.421,280.67,46
165.585,285.487,46
166.261,282.178,46
167.958,292.19,46
169.297,285.776,46
170.481,285.757,46
171.593,291.79,46
175.284,288.976,46
465.314,139.649,47
468.239,141.889,47
470.303,142.609,47
472.887,142.826,47
473.107,141.629,47
473.197,142.49,47
474.405,134.377,47
476.331,140.031,47
476.48,148.056,47
476.635,149.408,47
477.187,137.49,47
477.653,153.024,47
478.791,147.465,47
479.039,146.142,47
479.045,148.619,47
479.069,154.996,47
479.079,140.573,47
479.17,141.015,47
479.357,145.766,47
480.819,165.399,47
480.894,128.151,47
481.106,148.303,47
481.129,151.819,47
481.229,155.271,47
481.981,149.602,47
482.48,150.972,47
483.29,156.73,47
483.501,128.603,47
483.668,125.598,47
483.875,169.542,47
484.9,157.191,47
485.415,146.63,47
486.016,162.482,47
486.063,144.387,47
486.212,163.925,47
487.117,163.815,47
488.921,134.58,47
489.94,150.937,47
391.985,90.5151,48
396.41,90.5116,48
398.012,88.9879,48
400.804,81.4816,48
402.079,93.048,48
403.037,96.1298,48
403.651,87.1854,48
403.682,85.8845,48
405.401,97.2868,48
406.896,90.5138,48
407.114,85.9877,48
408.489,87.2651,48
182.185,214.02,49
182.378,208.274,49
182.775,211.592,49
183.389,207.136,49
183.467,208.584,49
187.072,217.925,49
191.531,216.322,49
193.144,216.845,49
195.382,220.087,49
427.398,11.8191,50
430.875,18.9879,50
431.484,11.6954,50
436.994,26.062,50
438.717,9.08921,50
443.398,27.6597,50
445.997,16.5309,50
446.779,19.4919,50
446.973,26.9366,50
447.278,22.8964,50
449.048,27.0262,50
449.436,24.562,50
449.473,35.4715,50
451.395,30.3273,50
451.471,22.3015,50
453.912,13.1589,50
454.004,12.3334,50
454.515,23.6964,50
455.394,10.0993,50
455.511,21.4461,50
456.053,11.696,50
457.299,14.1137,50
458.16,16.4617,50
460.838,12.5614,50
464.902,10.1496,50
61.0799,283.288,51
65.9107,279.257,51
65.9257,281.515,51
66.206,282.986,51
66.8807,279.814,51
67.0347,284.751,51
67.4081,277.964,51
69.122,278.021,51
69.5076,294.533,51
69.6821,285.96,51
70.0092,280.313,51
70.5582,281.101,51
71.986,271.244,52
71.9982,271.181,52
72.0959,271.851,52
72.8105,270.227,52
73.5947,267.955,52
75.0212,266.73,52
75.2545,269.052,52
75.5968,263.974,52
324.76,88.5558,53
325.073,95.4491,53
325.356,85.8018,53
326.19,86.8624,53
328.124,93.1175,53
328.772,91.2057,53
328.975,97.2072,53
330.805,102.047,53
331.915,105.012,53
334.133,106.951,53
335.931,91.0269,53
346.345,96.1744,53
120.435,12.7502,54
121.951,20.3878,54
125.065,19.6427,54
125.271,19.7021,54
128.975,18.5371,54
130.51,17.0412,54
131.071,22.5303,54
132.132,22.5901,54
133.428,19.6602,54
133.715,22.6291,54
134.989,18.174,54
476.833,266.442,55
477.532,259.373,55
479.007,258.444,55
480.024,256.994,55
480.978,261.292,55
481.886,259.408,55
482.359,265.8,55
484.992,265.061,55
485.143,250.373,55
485.29,255.681,55
485.32,260.217,55
485.468,253.462,55
485.848,268.157,55
486.226,259.876,55
486.227,250.304,55
489.195,257.24,55
489.31,263.769,55
489.628,250.845,55
489.706,262.545,55
490.257,236.818,55
490.816,246.684,55
490.912,239.823,55
490.98,245.352,55
491.042,262.771,55
491.803,247.083,55
491.867,260.132,55
493.3,252.883,55
493.437,261.164,55
495.901,254.91,55
495.935,254.219,55
471.794,16.6976,56
472.854,11.8668,56
473.441,13.3489,56
473.458,14.8136,56
476.356,19.1773,56
476.729,21.9421,56
476.736,11.394,56
476.736,24.9423,56
476.993,10.2321,56
477.595,17.1209,56
478.251,16.6711,56
478.578,26.7527,56
478.95,19.9895,56
479.247,23.9653,56
479.886,20.4028,56
479.968,25.3324,56
480.186,22.7493,56
480.441,17.9615,56
481.648,25.82,56
482.099,23.5411,56
482.688,14.9709,56
483.113,20.8233,56
483.387,25.9873,56
483.67,12.0968,56
484.09,18.2644,56
484.799,21.9417,56
485.201,14.0101,56
487.694,20.7451,56
488.002,21.3075,56
488.138,15.07,56
488.506,20.3634,56
488.765,14.9582,56
491.784,20.5618,56
491.837,10.9814,56
491.914,12.7008,56
492.494,14.8037,56
493.382,14.048,56
497.098,8.83948,56
43.4237,258.664,57
43.9738,246.805,57
46.4658,260.83,57
46.6136,254.682,57
47.0382,256.912,57
48.2722,255.207,57
48.5534,262.749,57
49.5513,242.825,57
51.1431,244.828,57
52.0493,256.052,57
54.2534,249.042,57
55.1087,245.785,57
56.1857,258.697,57
56.3655,251.929,57
57.0671,258.135,57
480.521,57.0541,58
485.377,57.5164,58
485.945,47.0754,58
492.179,56.803,58
493.518,56.1886,58
495.695,49.6779,58
495.701,54.398,58
495.701,61.7573,58
497.395,43.0833,58
423.006,211.499,59
426.729,209.926,59
427.727,221.541,59
429.552,216.366,59
431.903,215.313,59
433.903,207.2,59
434.286,201.585,59
434.4,217.169,59
434.938,205.957,59
436.356,202.006,59
436.627,209.828,59
436.821,214.515,59
437.362,210.993,59
440.905,219.108,59
443.367,210.69,59
446.961,211.831,59
447.272,209.947,59
448.656,208.38,59
449.961,209.521,59
451.416,222.076,59
386.418,57.4038,60
388.671,54.6474,60
388.796,61.8507,60
390.814,60.2862,60
393.965,53.6096,60
394.158,53.5587,60
395.478,54.7627,60
396.675,58.2297,60
397.705,60.0982,60
397.828,61.3293,60
399.604,59.0129,60
400.417,54.2981,60
280.408,100.11,61
286.867,97.9592,61
288.581,101.038,61
296.579,102.401,61
297.081,91.6394,61
299.38,93.1237,61
300.29,91.6792,61
300.611,89.6948,61
300.677,86.0418,61
301.364,104.596,61
301.74,100.84,61
302.759,103.051,61
305.177,100.299,61
306.205,93.6694,61
307.625,98.1791,61
308.009,90.1557,61
308.119,89.2176,61
308.454,90.9906,61
310.36,95.275,61
311.01,91.9892,61
311.073,97.7415,61
311.586,96.9786,61
312.445,102.123,61
313.805,95.3082,61
314.525,87.3481,61
315.752,102.865,61
316.109,89.597,61
316.581,88.2067,61
320.023,104.214,61
320.748,91.683,61
321.064,97.7465,61
321.938,107.513,61
322.246,95.7502,61
322.528,100.942,61
10.636,214.958,62
10.7979,207.04,62
10.9083,219.359,62
10.9466,214.614,62
11.0271,207.291,62
12.0145,211.96,62
12.2418,209.132,62
12.5713,210.492,62
12.6331,220.724,62
13.3431,214.408,62
14.102,215.723,62
15.5457,208.929,62
17.1207,210.15,62
18.5357,215.004,62
19.9726,213.328,62
20.8087,220.973,62
5.97484,216.736,62
6.04143,230.243,62
6.2841,207.245,62
6.38778,207.687,62
6.74057,214.745,62
36.833,173.914,63
43.2331,184.748,63
43.433,181.989,63
43.6845,173.356,63
44.1679,172.301,63
44.4164,170.668,63
44.579,182.966,63
45.453,172.875,63
46.093,180.726,63
46.303,171.634,63
46.3265,169.884,63
48.2391,176.546,63
48.4098,170.977,63
50.9918,175.053,63
51.3939,185.102,63
51.8009,178.587,63
52.0842,180.84,63
52.3964,179.019,63
54.3702,175.748,63
57.5563,174.517,63
57.9833,172.585,63
404.169,76.4966,64
405.502,56.9103,64
406.631,74.8063,64
407.047,58.9896,64
407.06,70.2431,64
407.525,63.718,64
407.845,62.5661,64
408.086,65.8079,64
408.101,62.9215,64
409.406,59.0088,64
409.654,64.0102,64
409.757,74.4345,64
409.818,68.7887,64
368.54,32.9018,65
371.529,47.4388,65
372.174,35.4816,65
372.358,44.2675,65
373.276,39.8796,65
373.396,46.0946,65
375.46,38.1693,65
376.322,36.7099,65
377.555,44.709,65
378.059,41.0783,65
378.374,41.4542,65
381.285,45.5429,65
381.889,38.7992,65
382.459,36.6273,65
383.325,39.8623,65
384.08,44.5539,65
385.391,45.259,65
381.468,74.5233,66
382.605,77.5907,66
385.135,73.4092,66
386.148,72.6713,66
386.148,71.549,66
388.66,78.5399,66
389.879,80.5128,66
391.515,73.7777,66
392.367,78.9656,66
393.252,77.2254,66
395.086,77.2432,66
468.217,238.423,67
468.389,239.877,67
470.505,254.588,67
471.169,252.301,67
473.106,243.602,67
473.132,245.937,67
474.093,255.486,67
475.372,238.459,67
476.342,254.449,67
476.355,253.397,67
476.545,249.675,67
478.277,251.975,67
478.621,236.886,67
478.786,245.607,67
479.517,242.269,67
481.162,239.17,67
482.167,244.422,67
482.903,244.121,67
485.05,240.153,67
261.088,203.485,68
267.336,202.263,68
268.011,211.385,68
269.369,202.509,68
269.488,204.137,68
269.777,227.139,68
277.369,217.753,68
411.929,82.2417,69
414.43,89.9085,69
415.406,88.3542,69
415.431,80.1112,69
415.521,92.1768,69
416.136,93.7159,69
416.48,80.9012,69
417.952,88.7913,69
418.427,90.4841,69
418.557,78.6552,69
419.149,95.2283,69
420.105,88.0759,69
421.186,85.1136,69
422.097,82.9994,69
423.738,80.1317,69
424.259,84.7802,69
425.655,83.8472,69
426.332,83.2437,69
426.345,91.3827,69
427.968,90.9219,69
429.206,84.188,69
430.854,81.056,69
149.202,78.2029,70
153.841,72.7133,70
155.371,69.7734,70
156.356,78.0902,70
156.402,74.9896,70
156.992,77.1613,70
165.554,92.9603,70
168.416,102.256,70
327.402,67.5748,71
327.524,62.0498,71
329.641,54.3163,71
329.709,65.413,71
331.681,60.01,71
333.214,67.7893,71
338.185,69.5597,71
339.345,69.9661,71
341.425,63.1599,71
367.981,203.551,72
369.322,203.882,72
370.883,233.954,72
372.833,211.771,72
372.938,221.822,72
374.441,213.207,72
374.508,203.58,72
374.56,213.391,72
374.637,221.04,72
375.968,213.549,72
376.113,216.792,72
376.12,214.278,72
376.397,210.438,72
377.316,206.688,72
377.531,228.463,72
377.807,197.214,72
378.691,232.472,72
379.612,230.174,72
380.276,215.61,72
380.377,224.013,72
380.793,213.943,72
382.29,231.044,72
382.725,194.402,72
382.998,226.594,72
384.519,206.023,72
384.606,223.711,72
385.181,205.316,72
385.231,219.082,72
385.308,231.224,72
385.881,214.251,72
386.107,220.885,72
386.586,214.969,72
387.196,225.672,72
388.393,212.566,72
388.583,223.363,72
389.545,234.207,72
389.557,216.147,72
389.583,211.417,72
389.592,216.725,72
390.074,210.425,72
392.239,192.112,72
263.886,180.428,73
264.322,172.433,73
264.784,189.38,73
266.194,176.532,73
267.418,186.155,73
268.343,178.48,73
268.778,185.15,73
268.97,177.171,73
270.34,179.083,73
270.521,185.769,73
270.81,171.433,73
274.21,175.765,73
279.53,189.048,73
279.678,184.578,73
280.4,184.799,73
371.194,51.919,74
372.894,48.9138,74
374.29,55.8768,74
375.019,56.3865,74
376.977,48.9889,74
377.8,55.8177,74
380.792,48.0691,74
380.808,52.3697,74
381.208,56.862,74
382.111,54.5496,74
382.227,48.7445,74
188.668,123.816,75
190.796,120.748,75
191.374,113.867,75
192.222,114.371,75
194.005,115.99,75
195.684,110.38,75
196.744,125.576,75
197.276,115.815,75
197.43,122.118,75
198.196,101.272,75
198.368,106.249,75
199.253,119.297,75
200.112,117.148,75
200.516,103.582,75
202.035,116.997,75
202.186,108.858,75
202.407,121.877,75
203.289,110.344,75
203.337,102.657,75
203.393,115.268,75
204.537,118.556,75
206.334,104.749,75
206.686,119.162,75
207.618,109.781,75
207.681,110.08,75
207.835,113.166,75
210.627,121.479,75
211.115,113.261,75
212.465,111.35,75
213.447,109.815,75
213.882,111.314,75
372.281,87.1117,76
375.281,86.9297,76
377.147,91.1914,76
380.425,88.9324,76
385.525,85.837,76
385.668,91.9738,76
387.184,87.3627,76
30.1619,255.164,77
30.6125,255.728,77
33.5541,259.176,77
37.5777,239.396,77
37.8619,240.711,77
39.6579,243.835,77
40.4402,260.019,77
40.9383,253.137,77
465.989,263.46,78
466.747,260.297,78
466.762,267.796,78
467.227,276.616,78
467.468,273.919,78
467.618,263.918,78
467.798,269.061,78
468.117,258.138,78
469.04,257.808,78
469.54,276.587,78
469.846,279.576,78
469.855,280.868,78
471.67,263.008,78
472.8,267.347,78
473.765,257.88,78
474.51,259.566,78
474.536,276.54,78
70.9865,184.029,79
72.3677,195.092,79
72.6866,183.223,79
72.7719,184.367,79
72.7915,192.003,79
75.0504,188.694,79
126.734,197.033,80
129.175,200.331,80
138.799,196.176,80
139.841,200.778,80
139.985,202.857,80
140.18,191.531,80
140.852,191.352,80
142.167,188.461,80
142.76,203.325,80
143.573,196.758,80
144.205,197.955,80
145.527,189.308,80
146.545,192.297,80
147.083,197.827,80
147.486,196.193,80
148.058,198.13,80
148.49,194.58,80
148.62,203.86,80
149.952,203.708,80
150.086,190.756,80
155.346,193.35,80
410.593,287.702,81
414.039,291.192,81
414.791,292.098,81
415.229,284.757,81
416.399,281.33,81
425.524,149.847,82
436.793,153.662,82
437.125,143.794,82
439.509,155.151,82
439.906,147.48,82
441.873,153.227,82
445.784,134.847,82
446.261,147.548,82
446.362,138.45,82
447.288,145.368,82
449.747,139.925,82
450.817,139.53,82
451.082,140.551,82
451.138,155.958,82
453.287,133.739,82
454.144,135.358,82
455.083,138.43,82
460.188,143.107,82
462.325,136.689,82
144.306,54.4649,83
146.866,59.779,83
146.962,52.4534,83
147.212,60.4709,83
147.849,53.7809,83
148.891,65.0779,83
150.253,61.5027,83
150.322,50.8961,83
150.416,63.1954,83
150.495,56.9073,83
151.5,63.2417,83
151.794,60.299,83
152.284,61.4719,83
152.384,63.859,83
152.786,58.3382,83
154.437,54.0277,83
154.584,52.6346,83
155.184,61.5363,83
155.465,61.6084,83
155.766,58.7399,83
157.046,56.8062,83
157.285,64.3189,83
157.543,52.2861,83
420.892,287.635,84
423.039,291.477,84
424.048,285.958,84
426.08,283.039,84
426.337,284.251,84
428.305,294.929,84
473.888,4.33028,85
476.361,4.28461,85
477.473,1.35409,85
479.223,4.21285,85
480.195,7.74155,85
481.011,0.194963,85
483.206,4.4391,85
490.116,3.2995,85
51.2173,290.861,86
52.528,295.995,86
53.7503,286.194,86
57.131,296.103,86
57.2061,294.207,86
58.9576,288.888,86
60.4085,295.637,86
67.161,301.829,86
21.8796,208.035,87
22.6396,208.693,87
23.884,200.163,87
24.3597,210.236,87
25.4483,208.181,87
27.3849,203.655,87
463.403,153.774,88
464.501,157.37,88
465.969,151.157,88
466.502,167.282,88
466.534,148.867,88
467.894,153.546,88
468.578,151.072,88
470.398,158.392,88
471.19,161.256,88
471.359,160.228,88
472.202,152.468,88
478.461,162.805,88
478.679,158.266,88
478.818,166.67,88
478.839,157.004,88
326.152,286.005,89
328.94,272.904,89
329.327,287.255,89
329.593,272.422,89
334.102,274.412,89
336.46,277.682,89
337.754,270.727,89
338.04,270.712,89
340.153,286.94,89
341.557,276.578,89
342.073,280.302,89
344.392,270.384,89
346.624,278.158,89
347.407,286.958,89
350.759,291.125,89
351.334,279.775,89
352.183,273.221,89
355.558,285.814,89
355.605,294.321,89
356.013,291.942,89
362.427,287.929,89
363.745,289.283,89
364.436,272.004,89
364.781,290.86,89
365.679,267.796,89
366.522,279.752,89
368.008,283.657,89
371.092,293.76,89
371.404,272.31,89
372.78,282.18,89
372.825,277.998,89
376.188,285.133,89
377.61,276.041,89
377.89,285.216,89
379.713,284.414,89
380.702,284.918,89
384.733,287.987,89
386.261,276.163,89
391.953,290.33,89
393.996,292.133,89
394.198,281.351,89
395.229,277.182,89
395.404,274.644,89
396.177,284.26,89
396.39,286.281,89
398.725,273.812,89
399.344,286.288,89
399.931,282.228,89
400.597,281.792,89
402.77,290.285,89
402.869,282.344,89
404.472,283.845,89
404.858,286.426,89
255.043,60.4777,90
256.537,52.6751,90
276.117,83.8389,90
277.985,76.1008,90
278.688,64.6527,90
279.17,83.7114,90
279.676,73.2678,90
281.762,74.6936,90
284.676,62.3372,90
286.038,68.3784,90
286.98,55.6368,90
286.982,66.8072,90
287.639,53.442,90
288.923,62.8139,90
289.541,64.4448,90
292.187,53.7982,91
292.367,56.3648,91
292.741,59.2742,91
296.787,59.668,91
296.821,57.1672,91
297.999,65.0895,91
298.35,52.5315,91
298.837,56.6017,91
299.068,53.4591,91
299.873,57.9098,91
300.907,57.6054,91
302.231,56.6119,91
304.526,58.1676,91
305.495,53.1211,91
307.719,60.7106,91
308.691,64.638,91
313.694,57.24,91
314.512,50.5232,91
318.164,57.795,91
318.608,56.4618,91
320.351,59.0194,91
322.785,55.3353,91
323.596,56.4832,91
195.366,283.174,92
195.951,282.374,92
199.997,275.939,92
200.404,281.997,92
202.593,282.968,92
205.528,283.395,92
205.549,277.515,92
205.836,277.489,92
207.032,281.329,92
207.041,279.484,92
209.363,281.618,92
209.492,277.326,92
210.128,272.9,92
210.578,273.063,92
211.208,287.436,92
211.812,290.294,92
212.083,290.148,92
212.161,283.466,92
213.592,289.265,92
213.758,288.081,92
213.966,282.677,92
214.823,284.072,92
215.585,291.984,92
215.988,275.348,92
216.048,278.949,92
217.276,294.011,92
218.416,274.093,92
218.938,287.486,92
221.455,275.615,92
221.672,279.14,92
221.802,277.889,92
222.865,289.759,92
223.31,277.594,92
223.358,272.94,92
223.452,296.976,92
224.701,293.041,92
225.125,294.853,92
225.7,291.588,92
227.034,279.912,92
230.242,285.018,92
230.611,289.945,92
231.368,285.144,92
233.172,285.122,92
233.436,283.471,92
233.736,277.798,92
234.123,297.28,92
234.384,275.894,92
234.883,293.422,92
238.379,283.312,92
238.938,281.888,92
242.695,274.778,92
242.701,294.963,92
217.896,268.191,93
223.305,270.105,93
391.218,65.6122,94
392.767,65.6056,94
396.987,76.2116,94
400.655,77.6208,94
401.193,72.3467,94
401.77,66.3409,94
401.834,68.5297,94
402.052,65.4639,94
229.684,30.1146,95
231.281,28.8844,95
234.545,27.4431,95
234.891,31.5403,95
236.955,24.4088,95
238.33,24.7549,95
239.215,36.9293,95
240.817,30.3824,95
242.448,40.31,95
243.125,26.6097,95
244.256,27.1521,95
246.691,36.1711,95
246.704,15.8595,95
247.379,14.0207,95
248.598,44.1466,95
250.106,33.303,95
250.124,22.8541,95
251.032,43.1508,95
251.948,41.2378,95
254.617,35.0524,95
254.997,14.6123,95
256.26,16.3745,95
256.933,22.8585,95
257.931,20.8458,95
260.05,25.4425,95
260.36,38.0079,95
428.074,41.554,96
428.703,25.2049,96
430.984,36.7046,96
431.988,35.147,96
432.32,46.5487,96
434.33,39.7546,96
436.715,48.2814,96
437.288,47.4306,96
437.416,34.9063,96
438.143,50.6184,96
443.677,43.1383,96
445.636,38.5527,96
448.216,43.6565,96
448.513,48.8495,96
427.48,130.901,97
427.781,137.876,97
428.807,141.003,97
429.895,136.54,97
430.14,138.774,97
430.215,135.668,97
430.888,134.999,97
432.657,137.575,97
432.909,143.742,97
434.381,120.738,97
434.644,131.075,97
436.607,138.189,97
436.768,131.603,97
436.795,131.757,97
437.156,135.3,97
438.2,120.199,97
438.458,126.011,97
440.755,124.23,97
441.577,136.127,97
443.114,132.968,97
445.175,132.182,97
447.243,129.964,97
379.146,67.6246,98
379.192,69.5974,98
379.471,57.4802,98
379.812,66.6735,98
380.636,60.4832,98
381.145,65.9084,98
381.994,62.2918,98
385.152,66.0138,98
385.967,59.0089,98
386.963,68.8658,98
132.639,70.7779,99
134.356,66.8118,99
135.476,59.1237,99
136.561,65.136,99
137.881,74.4621,99
138.825,63.3845,99
142.955,67.3232,99
143.099,67.2754,99
145.749,65.8084,99
302.797,81.2891,100
303.282,81.9498,100
304.035,75.6805,100
304.371,80.4167,100
304.619,68.838,100
304.689,74.8613,100
306.221,69.9046,100
306.346,81.1233,100
307.42,72.2642,100
307.765,69.728,100
309.219,66.4521,100
309.775,70.3156,100
309.819,74.3745,100
311.306,71.9785,100
311.495,66.75,100
317.145,67.2488,100
318.168,84.0187,100
318.862,83.4071,100
320.724,67.057,100
320.966,81.2882,100
323.65,69.779,100
55.0822,192.079,101
56.1708,180.341,101
56.6613,180.28,101
59.0523,175.057,101
59.4045,191.396,101
59.9576,185.762,101
62.3548,180.98,101
62.6514,170.005,101
62.9154,178.831,101
63.3789,184.048,101
63.908,173.283,101
63.9324,185.958,101
64.1526,177.888,101
64.2014,186.829,101
64.2114,171.02,101
64.7673,192.175,101
65.2948,182.642,101
65.5259,185.09,101
65.5501,178.341,101
65.8447,192.964,101
66.0428,181.237,101
66.5592,170.749,101
66.5667,189.57,101
66.7331,190.56,101
66.7579,193.211,101
67.6697,186.921,101
68.1622,178.121,101
68.5337,176.049,101
70.0817,194.036,101
406.281,274.226,102
406.516,268.832,102
407.35,273.096,102
407.403,275.21,102
408.604,274.33,102
411.543,274.031,102
414.099,274.039,102
416.613,277.085,102
417.782,280.438,102
419.8,280.178,102
420.317,275.72,102
421.451,276.185,102
425.219,275.67,102
59.2851,269.641,103
59.3832,273.948,103
60.5507,272.858,103
60.7259,268.645,103
60.98,270.412,103
63.7751,272.662,103
63.877,265.573,103
64.9633,268.083,103
65.0479,274.732,103
66.1865,274.167,103
66.6132,274.713,103
66.9485,275.128,103
70.0592,273.358,103
415.596,54.8781,104
415.802,58.5518,104
416.601,60.6776,104
417.592,57.3613,104
419.178,51.2818,104
424.925,61.9776,104
426.175,49.998,104
426.917,60.7603,104
427.236,58.0326,104
428.767,50.7611,104
428.974,51.4398,104
430.611,54.7175,104
358.478,59.4625,105
360.313,64.8242,105
360.834,50.3187,105
361.416,51.2933,105
362.673,57.4426,105
362.769,50.1646,105
279.855,95.5008,106
280.136,88.8603,106
280.902,95.3771,106
281.078,90.258,106
281.157,82.8704,106
282.264,78.156,106
282.578,83.8065,106
285.282,95.0835,106
285.516,92.3032,106
286.416,87.1055,106
287.065,85.9047,106
289.96,84.4617,106
291.536,89.8303,106
292.295,87.478,106
292.924,89.2388,106
214.549,118.533,107
217.332,119.997,107
217.585,121.649,107
218.915,111.65,107
219.432,113.974,107
176.69,113.192,108
177.214,117.352,108
177.477,96.9317,108
177.787,104.538,108
178.781,104.584,108
182.085,97.4324,108
186.774,103.149,108
187.943,99.9635,108
188.13,101.75,108
188.232,108.216,108
191.606,106.928,108
193.141,104.174,108
195.235,101.911,108
125.046,190.882,109
127.439,181.55,109
128.859,188.595,109
129.095,178.415,109
129.267,194.744,109
130.254,188.902,109
131.017,187.185,109
131.497,183.269,109
131.686,188.133,109
132.358,186.671,109
134.934,186.626,109
135.256,185.724,109
137.23,187.328,109
137.485,184.142,109
138.891,183.057,109
475.773,41.5673,110
476.982,42.6563,110
480.742,28.866,110
481.85,38.8085,110
484.259,30.6484,110
484.722,40.3269,110
484.869,38.5516,110
484.878,32.4822,110
486.251,29.9568,110
487.119,32.6649,110
487.925,29.2537,110
489.817,38.5283,110
261.236,191.178,111
262.361,195.833,111
266.317,190.374,111
268.287,199.3,111
269.009,194.744,111
270.094,199.097,111
271.838,191.293,111
271.999,191.305,111
125.874,53.5898,112
128.123,50.2323,112
128.886,44.2019,112
129.399,53.2524,112
129.862,56.7015,112
129.921,43.2116,112
129.977,48.7746,112
130.528,56.6923,112
130.637,55.8495,112
131.323,43.0384,112
131.607,47.5113,112
131.955,45.5262,112
133.057,51.6214,112
133.257,49.7865,112
133.753,54.0871,112
134.763,49.5596,112
134.964,57.4932,112
135.158,42.27,112
135.609,56.7994,112
135.975,55.8672,112
137.576,55.9651,112
138.58,56.2048,112
138.74,55.3523,112
138.803,55.8698,112
139.037,53.0848,112
139.537,54.7895,112
279.01,219.053,113
279.293,213.947,113
279.321,219.109,113
280.831,220.691,113
282.129,225.716,113
283.163,218.992,113
285.907,219.421,113
286.567,221.421,113
288.238,207.576,113
290.41,223.114,113
290.716,230.402,113
292.976,208.078,113
293.024,202.991,113
293.297,213.732,113
293.976,208.497,113
294.684,222.06,113
299.484,201.502,113
299.677,216.737,113
300.911,216.172,113
301.645,225.469,113
304.25,221.527,113
396.614,186.834,114
399.819,181.172,114
400.827,182.698,114
410.45,68.065,115
410.703,68.7717,115
411.459,72.2571,115
412.712,69.5858,115
412.756,63.5008,115
414.767,68.0797,115
415.64,69.3249,115
415.985,65.0457,115
416.229,62.0963,115
417.16,73.1105,115
418.171,73.1646,115
419.049,65.1143,115
419.363,70.4425,115
419.98,70.3099,115
420.422,68.3839,115
420.829,66.1818,115
421.531,72.7703,115
421.933,70.5686,115
424.713,65.0413,115
425.073,65.3907,115
428.796,67.2288,115
430.976,73.7621,115
433.619,66.8888,115
397.883,36.0012,116
398.538,41.8545,116
398.607,37.8551,116
399.184,39.5492,116
402.389,38.6802,116
402.67,43.2499,116
402.94,40.3658,116
403.36,38.0464,116
404.33,39.491,116
407.2,40.126,116
13.1309,63.8157,117
15.3806,42.5268,117
15.7473,57.1389,117
15.9835,50.8342,117
16.6857,42.4154,117
17.7676,43.0054,117
18.0528,50.3253,117
18.8285,35.3276,117
19.3854,40.1583,117
20.4656,30.505,117
22.161,44.3654,117
23.9207,35.8938,117
24.4296,41.6883,117
34.6189,41.7993,117
36.2289,34.3455,117
6.25388,42.6698,117
1.52,42.41,117
1.36641,11.4231,118
1.4675,11.0078,118
1.54096,16.5269,118
16.4382,9.48634,118
29.8169,2.77617,118
38.0164,15.2732,118
38.2712,3.42211,118
61.9435,6.50452,118
348.357,15.3314,119
349.18,15.0868,119
349.684,13.8468,119
350.94,15.4817,119
351.992,14.8201,119
352.742,17.4197,119
355.527,13.304,119
361.76,22.2195,119
363.732,17.8535,119
333.256,14.582,120
333.523,21.9374,120
333.753,20.334,120
334.454,13.4107,120
336.258,15.6751,120
13.337,204.765,121
13.3742,199.673,121
13.3883,204.62,121
14.318,203.11,121
14.4555,206.379,121
16.2975,191.467,121
16.399,200.675,121
17.007,201.631,121
17.2145,202.485,121
18.4609,197.947,121
18.7097,198.861,121
20.2232,201.534,121
20.6167,195.681,121
182.314,88.8814,122
186.001,88.3336,122
187.595,86.5506,122
187.799,76.8193,122
188.835,79.5238,122
189.074,91.3006,122
190.512,84.9236,122
190.681,77.9732,122
192.355,86.2745,122
193.447,84.5282,122
193.465,89.594,122
193.548,86.6404,122
193.868,96.0498,122
194.573,93.9761,122
194.732,87.3969,122
195.456,92.3443,122
195.502,92.4672,122
195.7,84.4059,122
196.25,90.7362,122
197.021,87.8298,122
199.176,90.2365,122
199.245,85.0764,122
199.37,93.4128,122
200.097,87.9472,122
200.954,88.268,122
458.67,19.4466,123
460.561,18.4654,123
460.651,22.3139,123
461.585,29.3783,123
465.157,28.2156,123
466.419,22.775,123
467.009,35.1175,123
468.414,18.0999,123
470.974,34.2853,123
185.207,287.331,124
186.976,285.698,124
187.805,283.971,124
190.306,292.466,124
191.503,291.961,124
193.31,287.023,124
193.636,285.443,124
195.679,292.608,124
196.3,283.679,124
196.694,295.099,124
197.561,291.939,124
199.78,284.021,124
200.277,295.009,124
200.872,288.486,124
201.684,286.077,124
202.463,295.019,124
203.765,291.535,124
204.525,296.064,124
204.831,292.866,124
204.991,293.769,124
207.951,291.454,124
209.825,295.549,124
138.973,162.453,125
139.732,165.529,125
140.487,169.396,125
142.392,155.539,125
147.494,164.218,125
148.999,157.929,125
150.895,168.362,125
151.551,160.359,125
152.287,156.391,125
153.155,163.602,125
153.175,161.053,125
153.181,169.287,125
155.069,161.392,125
155.097,158.426,125
155.515,162.027,125
155.904,155.332,125
156.729,157.774,125
156.909,168.31,125
159.032,157.056,125
159.047,164.081,125
159.593,158.688,125
160.39,165.98,125
160.753,163,125
161.533,164.131,125
163.286,167.261,125
35.4792,238.742,126
46.7104,233.654,126
49.5941,236.286,126
55.0833,231.485,126
55.2756,230.001,126
57.1725,232.995,126
219.965,103.212,127
220.373,100.89,127
221.216,105.674,127
222.182,105.488,127
223.194,96.3613,127
223.409,106.949,127
224,102.821,127
224.385,97.9561,127
229.659,98.8754,127
198.456,21.3995,128
199.314,19.243,128
199.56,22.8392,128
199.837,35.7609,128
200.272,26.272,128
201.03,44.9632,128
201.08,21.206,128
202,42.0164,128
202.101,22.0114,128
203.22,47.846,128
203.351,23.7699,128
203.815,13.3022,128
203.954,18.4912,128
204.479,23.4407,128
204.917,20.0731,128
205.085,30.5517,128
206.336,39.6422,128
207.726,28.8351,128
210.043,34.4601,128
210.636,33.3577,128
210.686,45.0137,128
210.925,43.1095,128
211.018,26.706,128
211.307,13.6866,128
212.091,25.3365,128
212.181,36.4053,128
213.775,36.6927,128
213.833,16.1955,128
214.657,41.3819,128
215.285,23.5797,128
215.356,14.5419,128
217.379,39.9166,128
217.687,37.9912,128
218.17,20.3617,128
220.243,24.4047,128
221.731,31.0371,128
222.134,34.3909,128
223.356,113.814,129
224.12,114.962,129
231.197,116.425,129
234.653,110.338,129
235.985,117.415,129
21.658,291.751,130
23.3623,285.951,130
23.7872,289.136,130
24.5868,295.885,130
24.9057,286.048,130
25.3564,282.256,130
30.9205,288.648,130
125.548,0.239732,131
127.019,9.67984,131
128.478,10.4844,131
128.762,8.83903,131
129.371,10.2615,131
129.497,8.16052,131
129.86,8.88122,131
132.813,6.82344,131
132.872,9.95343,131
133.397,10.3148,131
134.678,8.34875,131
134.932,9.05444,131
135.15,8.10868,131
135.965,13.5535,131
137.037,14.3447,131
137.276,14.8101,131
286.063,79.131,132
286.697,74.1525,132
288.036,79.6499,132
288.277,72.4706,132
289.086,80.6432,132
290.132,70.0091,132
290.145,80.8743,132
291.073,73.3695,132
291.481,65.5972,132
291.619,79.7625,132
292.215,80.5063,132
293.327,72.7504,132
293.65,73.9336,132
293.914,76.0216,132
294.699,69.0291,132
295.248,80.6702,132
296.323,81.9574,132
297.569,67.7938,132
297.861,79.9337,132
298.083,78.9523,132
299.156,68.7821,132
299.491,69.4887,132
299.718,68.5493,132
300.686,72.5245,132
301.744,83.1012,132
136.786,1.05015,133
139.011,9.37074,133
139.067,7.6391,133
139.493,1.63575,133
141.254,3.08677,133
141.905,4.59203,133
142.319,3.98029,133
142.779,2.50652,133
143.366,2.89161,133
144.672,9.17483,133
145.588,8.96103,133
147.951,7.18427,133
149.937,9.74182,133
2.13061,222.624,134
3.38352,231.762,134
5.28658,222.101,134
5.37973,225.583,134
145.3,183.619,135
145.323,184.198,135
145.883,179.872,135
146.507,179.403,135
146.632,179.307,135
147.673,184.976,135
147.768,182.107,135
148.908,184.276,135
148.943,181.945,135
151.107,177.965,135
152.04,189.972,135
152.057,180.442,135
152.318,178.109,135
153.732,180.076,135
154.969,184.482,135
157.382,175.036,135
126.699,33.9067,136
127.489,37.5772,136
128.768,30.5338,136
128.875,36.5189,136
129.213,38.3009,136
129.609,26.5415,136
130.743,33.5586,136
130.988,29.1227,136
131.356,37.2871,136
132.161,32.489,136
132.315,33.7951,136
134.27,40.7098,136
135.957,38.2431,136
136.862,40.7958,136
46.6778,134.084,137
52.5651,143.152,137
53.6207,146.383,137
54.2322,147.6,137
54.7052,138.938,137
58.2895,147.628,137
59.976,140.817,137
62.8135,138.718,137
65.3012,142.405,137
66.5828,149.31,137
66.6017,146.66,137
66.8748,150.821,137
68.6871,135.473,137
69.9523,143.677,137
71.5535,139.418,137
73.0006,147.928,137
75.029,154.072,137
71.956,17.3445,138
73.0359,19.706,138
75.6342,12.0496,138
129.334,292.325,139
130.301,290.829,139
130.468,275.7,139
130.769,276.35,139
132.011,277.944,139
132.143,292.291,139
135.262,284.548,139
138.001,287.616,139
138.2,286.675,139
140.432,295.023,139
142.445,282.691,139
142.458,286.78,139
142.878,292.268,139
143.892,286.145,139
143.991,291.912,139
144.01,286.807,139
144.234,273.647,139
144.723,291.753,139
145.857,285.923,139
147.196,286.786,139
41.2768,125.344,140
53.7319,129.995,140
54.6137,130.887,140
54.9128,122.569,140
57.7376,113.473,140
58.5383,126.893,140
59.1357,122.463,140
60.5791,123.769,140
61.0837,130.349,140
62.5794,125.734,140
62.7932,130.123,140
63.4783,124.097,140
63.9013,123.874,140
64.0645,131.617,140
65.4081,117.178,140
65.5718,125.343,140
66.9656,129.29,140
67.462,117.347,140
67.8827,129.861,140
68.0653,120.986,140
69.0994,116.283,140
73.3099,132.088,140
74.3948,122.959,140
75.271,124.401,140
75.4076,115.597,140
337.359,24.1677,141
340.12,22.674,141
340.494,26.1012,141
341.814,21.5793,141
342.997,25.8443,141
345.529,22.4047,141
347.168,23.415,141
372.711,64.7951,142
372.869,67.984,142
374.588,66.4954,142
375.854,59.1323,142
376.332,59.4696,142
132.606,27.7339,143
133.384,29.0932,143
134.304,24.7418,143
135.067,28.8907,143
135.229,23.7206,143
137.636,33.4401,143
139.669,31.5994,143
140.383,28.683,143
142.225,32.2937,143
142.321,25.8513,143
142.66,33.9026,143
143.928,29.4211,143
153.971,207.599,144
154.022,203.306,144
156.08,211.21,144
160.161,217.988,144
162.25,197.944,144
164.454,202.693,144
166.658,198.053,144
331.365,177.327,145
331.396,179.647,145
334.051,176.388,145
335.877,184.915,145
336.416,176.758,145
337.565,190.175,145
48.9075,168.652,146
50.5038,169.45,146
50.9631,165.99,146
53.0571,160.578,146
53.5246,167.715,146
54.142,167.534,146
54.3276,161.988,146
55.2405,160.356,146
55.8077,157.592,146
56.879,168.533,146
57.704,158.709,146
57.8831,163.618,146
58.211,167.807,146
58.6017,163.851,146
60.0855,169.584,146
64.3626,168.249,146
72.7895,159.334,146
73.9322,164.785,146
448.768,40.7046,147
450.474,42.8203,147
452.693,47.2048,147
457.152,57.9041,147
457.233,37.0149,147
457.964,53.0337,147
460.349,41.8091,147
461.765,45.8176,147
464.306,51.3638,147
465.024,57.0028,147
466.518,52.5382,147
467.938,37.8694,147
469.264,54.8098,147
469.724,48.0372,147
470.308,48.7156,147
471.833,60.3631,147
472.562,41.628,147
473.932,58.9481,147
474.222,51.4918,147
475.763,49.5346,147
477.466,56.3868,147
477.523,49.1499,147
214.801,106.504,148
215.626,107.969,148
176.333,198.961,149
176.914,199.058,149
177.628,189.45,149
177.634,195.804,149
178.243,200.758,149
179.318,195.82,149
179.828,201.818,149
181.765,195.867,149
181.779,192.613,149
182.388,197.323,149
184.489,194.372,149
185.336,200.464,149
185.574,195.529,149
